Workbook
Name _Valores: OFFSET('Cálculo de Estoque'!$F$8,,,COUNTA('Cálculo de Estoque'!$F$8:$F$1048576))

Sheet Dados
B4: Produto | C4: Descrição | D4: Data | E4: Saída / Demanda
B5: 00650B | C5: PERFIL US 45X17X2,00 | D5: 45659 | E5: 100.5
B6: 00650K | C6: PERFIL US 45X17X1,95 GALV | D6: 45659 | E6: 19.65
B7: 00651B | C7: PERFIL US 50X25X2,00 | D7: 45659 | E7: 147.9
B8: 00652K | C8: PERFIL US 68X30X1,95 GALV | D8: 45659 | E8: 99.45
B9: 00653B | C9: PERFIL US 75X40X2,00 | D9: 45659 | E9: 13.8
B10: 00653K | C10: PERFIL US 75X40X1,95 GALV | D10: 45659 | E10: 27
B11: 00664B | C11: PERFIL US 150X50X2,00 | D11: 45659 | E11: 45.6
B12: 00664K | C12: PERFIL US 150X50X1,95 GALV | D12: 45659 | E12: 44.5
B13: 00668B | C13: PERFIL UE 50X25X10X2,00 | D13: 45659 | E13: 225.4
B14: 00668K | C14: PERFIL UE 50X25X10X1,95 GALV | D14: 45659 | E14: 19.2
B15: 00670B | C15: PERFIL UE 75X40X15X2,00 | D15: 45659 | E15: 1749
B16: 00670K | C16: PERFIL UE 75X40X15X1,95 GALV | D16: 45659 | E16: 295.45
... B6926: 02027A | C6926: PERFIL LAMBRI BZ 0,90 2000X1000MM | D6926: 46014 | E6926: 3

Sheet Consolidação
G1: A | H1: =SUMIF(G:G,G1,Q:Q) -> 204188.26
C2: =SUM(D:D) -> 2605961.3 | G2: B | H2: =SUMIF(G:G,G2,Q:Q) -> 202569.56
G3: C | H3: =IFERROR(SUMIF(G:G,G3,Q:Q),0) -> 159502.4 | M3: ='Cálculo de Estoque'!C9 -> 3 | N3: ='Cálculo de Estoque'!C10 -> 0.99
B4: Produto | C4: Descrição do produto | D4: Quantidade | E4: % | F4: Acumulado | G4: ABC | H4: Diário (kg) | I4: Mensal | J4: Média | K4: Desv. Padrão | L4: % Desv.padrão | M4: Lead Time | N4: Nível de Segurança | O4: Estoque de Segurança | P4: Ponto de Ressuprimento | Q4: Estoque Máximo
B5: 00670B | C5: PERFIL UE 75X40X15X2,00 | D5: 493383.12 | E5: =D5/$C$2 -> 0.18932864 | F5: =E5 -> 0.18932864 | G5: =IF(F5<0.8,"A",IF(F5>=0.95,"C","B")) -> A | H5: =D5/12/22 -> 1868.8755 | I5: =H5*22 -> 41115.26 | J5: =AVERAGEIF(tSaida[Produto],B5,tSaida[Saída / Demanda]) -> 2005.6224 | K5: {=_xlfn.STDEV.S(IF(tSaida[Produto]=Consolidação!B5,tSaida[Saída / Demanda]))} -> 1279.1272 | L5: =K5/J5 -> 0.63777071 | M5: =$M$3 -> 3 | N5: =$N$3 -> 0.99 | O5: =NORMSINV(N5)*SQRT((K5^2)*M5+(J5^2)*(1^2)) -> 6952.2473 | P5: =J5*M5+O5 -> 12969.115 | Q5: =IFERROR((J5+O5)*M5,"") -> 26873.609
B6: 00670K | C6: PERFIL UE 75X40X15X1,95 GALV | D6: 362524.7 | E6: =D6/$C$2 -> 0.13911362 | F6: =E6+F5 -> 0.32844226 | G6: =IF(F6<0.8,"A",IF(F6>=0.95,"C","B")) -> A | H6: =D6/12/22 -> 1373.1996 | I6: =H6*22 -> 30210.392 | J6: =AVERAGEIF(tSaida[Produto],B6,tSaida[Saída / Demanda]) -> 1516.8397 | K6: {=_xlfn.STDEV.S(IF(tSaida[Produto]=Consolidação!B6,tSaida[Saída / Demanda]))} -> 1119.4837 | L6: =K6/J6 -> 0.73803688 | M6: =$M$3 -> 3 | N6: =$N$3 -> 0.99 | O6: =NORMSINV(N6)*SQRT((K6^2)*M6+(J6^2)*(1^2)) -> 5727.0385 | P6: =J6*M6+O6 -> 10277.558 | Q6: =IFERROR((J6+O6)*M6,"") -> 21731.635
B7: 00672B | C7: PERFIL UE 100X50X17X2,00 | D7: 149059 | E7: =D7/$C$2 -> 0.057199238 | F7: =E7+F6 -> 0.3856415 | G7: =IF(F7<0.8,"A",IF(F7>=0.95,"C","B")) -> A | H7: =D7/12/22 -> 564.61742 | I7: =H7*22 -> 12421.583 | J7: =AVERAGEIF(tSaida[Produto],B7,tSaida[Saída / Demanda]) -> 686.90783 | K7: {=_xlfn.STDEV.S(IF(tSaida[Produto]=Consolidação!B7,tSaida[Saída / Demanda]))} -> 674.32627 | L7: =K7/J7 -> 0.98168376 | M7: =$M$3 -> 3 | N7: =$N$3 -> 0.99 | O7: =NORMSINV(N7)*SQRT((K7^2)*M7+(J7^2)*(1^2)) -> 3152.1714 | P7: =J7*M7+O7 -> 5212.8949 | Q7: =IFERROR((J7+O7)*M7,"") -> 11517.238
B8: 00672K | C8: PERFIL UE 100X50X17X1,95 GALV | D8: 137403.8 | E8: =D8/$C$2 -> 0.052726723 | F8: =E8+F7 -> 0.43836822 | G8: =IF(F8<0.8,"A",IF(F8>=0.95,"C","B")) -> A | H8: =D8/12/22 -> 520.46894 | I8: =H8*22 -> 11450.317 | J8: =AVERAGEIF(tSaida[Produto],B8,tSaida[Saída / Demanda]) -> 697.48122 | K8: {=_xlfn.STDEV.S(IF(tSaida[Produto]=Consolidação!B8,tSaida[Saída / Demanda]))} -> 734.08192 | L8: =K8/J8 -> 1.0524755 | M8: =$M$3 -> 3 | N8: =$N$3 -> 0.99 | O8: =NORMSINV(N8)*SQRT((K8^2)*M8+(J8^2)*(1^2)) -> 3373.6928 | P8: =J8*M8+O8 -> 5466.1364 | Q8: =IFERROR((J8+O8)*M8,"") -> 12213.522
B9: 00653B | C9: PERFIL US 75X40X2,00 | D9: 120746.63 | E9: =D9/$C$2 -> 0.046334775 | F9: =E9+F8 -> 0.48470299 | G9: =IF(F9<0.8,"A",IF(F9>=0.95,"C","B")) -> A | H9: =D9/12/22 -> 457.3736 | I9: =H9*22 -> 10062.219 | J9: =AVERAGEIF(tSaida[Produto],B9,tSaida[Saída / Demanda]) -> 543.90374 | K9: {=_xlfn.STDEV.S(IF(tSaida[Produto]=Consolidação!B9,tSaida[Saída / Demanda]))} -> 512.69888 | L9: =K9/J9 -> 0.94262797 | M9: =$M$3 -> 3 | N9: =$N$3 -> 0.99 | O9: =NORMSINV(N9)*SQRT((K9^2)*M9+(J9^2)*(1^2)) -> 2422.5445 | P9: =J9*M9+O9 -> 4054.2557 | Q9: =IFERROR((J9+O9)*M9,"") -> 8899.3446
B10: 00670A | C10: PERFIL UE 75X40X15X1,80 | D10: 105875.05 | E10: =D10/$C$2 -> 0.040628021 | F10: =E10+F9 -> 0.52533102 | G10: =IF(F10<0.8,"A",IF(F10>=0.95,"C","B")) -> A | H10: =D10/12/22 -> 401.04186 | I10: =H10*22 -> 8822.9208 | J10: =AVERAGEIF(tSaida[Produto],B10,tSaida[Saída / Demanda]) -> 691.99379 | K10: {=_xlfn.STDEV.S(IF(tSaida[Produto]=Consolidação!B10,tSaida[Saída / Demanda]))} -> 784.89975 | L10: =K10/J10 -> 1.1342584 | M10: =$M$3 -> 3 | N10: =$N$3 -> 0.99 | O10: =NORMSINV(N10)*SQRT((K10^2)*M10+(J10^2)*(1^2)) -> 3548.7735 | P10: =J10*M10+O10 -> 5624.7549 | Q10: =IFERROR((J10+O10)*M10,"") -> 12722.302
B11: 00652B | C11: PERFIL US 68X30X2,00 | D11: 92288.289 | E11: =D11/$C$2 -> 0.035414298 | F11: =E11+F10 -> 0.56074531 | G11: =IF(F11<0.8,"A",IF(F11>=0.95,"C","B")) -> A | H11: =D11/12/22 -> 349.57685 | I11: =H11*22 -> 7690.6908 | J11: =AVERAGEIF(tSaida[Produto],B11,tSaida[Saída / Demanda]) -> 427.2606 | K11: {=_xlfn.STDEV.S(IF(tSaida[Produto]=Consolidação!B11,tSaida[Saída / Demanda]))} -> 404.69467 | L11: =K11/J11 -> 0.94718462 | M11: =$M$3 -> 3 | N11: =$N$3 -> 0.99 | O11: =NORMSINV(N11)*SQRT((K11^2)*M11+(J11^2)*(1^2)) -> 1909.7105 | P11: =J11*M11+O11 -> 3191.4923 | Q11: =IFERROR((J11+O11)*M11,"") -> 7010.9133
B12: 00671K | C12: PERFIL UE 100X40X17X1,95 GALV | D12: 72441.3 | E12: =D12/$C$2 -> 0.027798302 | F12: =E12+F11 -> 0.58854362 | G12: =IF(F12<0.8,"A",IF(F12>=0.95,"C","B")) -> A | H12: =D12/12/22 -> 274.39886 | I12: =H12*22 -> 6036.775 | J12: =AVERAGEIF(tSaida[Produto],B12,tSaida[Saída / Demanda]) -> 479.74371 | K12: {=_xlfn.STDEV.S(IF(tSaida[Produto]=Consolidação!B12,tSaida[Saída / Demanda]))} -> 533.58824 | L12: =K12/J12 -> 1.112236 | M12: =$M$3 -> 3 | N12: =$N$3 -> 0.99 | O12: =NORMSINV(N12)*SQRT((K12^2)*M12+(J12^2)*(1^2)) -> 2422.4233 | P12: =J12*M12+O12 -> 3861.6545 | Q12: =IFERROR((J12+O12)*M12,"") -> 8706.5011
B13: 00653K | C13: PERFIL US 75X40X1,95 GALV | D13: 67190.7 | E13: =D13/$C$2 -> 0.02578346 | F13: =E13+F12 -> 0.61432708 | G13: =IF(F13<0.8,"A",IF(F13>=0.95,"C","B")) -> A | H13: =D13/12/22 -> 254.51023 | I13: =H13*22 -> 5599.225 | J13: =AVERAGEIF(tSaida[Produto],B13,tSaida[Saída / Demanda]) -> 453.99122 | K13: {=_xlfn.STDEV.S(IF(tSaida[Produto]=Consolidação!B13,tSaida[Saída / Demanda]))} -> 510.06163 | L13: =K13/J13 -> 1.1235055 | M13: =$M$3 -> 3 | N13: =$N$3 -> 0.99 | O13: =NORMSINV(N13)*SQRT((K13^2)*M13+(J13^2)*(1^2)) -> 2310.7048 | P13: =J13*M13+O13 -> 3672.6785 | Q13: =IFERROR((J13+O13)*M13,"") -> 8294.0881
B14: 00654B | C14: PERFIL US 92X30X2,00 | D14: 60125.6 | E14: =D14/$C$2 -> 0.02307233 | F14: =E14+F13 -> 0.63739941 | G14: =IF(F14<0.8,"A",IF(F14>=0.95,"C","B")) -> A | H14: =D14/12/22 -> 227.74848 | I14: =H14*22 -> 5010.4667 | J14: =AVERAGEIF(tSaida[Produto],B14,tSaida[Saída / Demanda]) -> 409.01769 | K14: {=_xlfn.STDEV.S(IF(tSaida[Produto]=Consolidação!B14,tSaida[Saída / Demanda]))} -> 430.71464 | L14: =K14/J14 -> 1.0530465 | M14: =$M$3 -> 3 | N14: =$N$3 -> 0.99 | O14: =NORMSINV(N14)*SQRT((K14^2)*M14+(J14^2)*(1^2)) -> 1979.2296 | P14: =J14*M14+O14 -> 3206.2827 | Q14: =IFERROR((J14+O14)*M14,"") -> 7164.7419
B15: 00656B | C15: PERFIL US 100X50X2,00 | D15: 42082.5 | E15: =D15/$C$2 -> 0.016148551 | F15: =E15+F14 -> 0.65354796 | G15: =IF(F15<0.8,"A",IF(F15>=0.95,"C","B")) -> A | H15: =D15/12/22 -> 159.40341 | I15: =H15*22 -> 3506.875 | J15: =AVERAGEIF(tSaida[Produto],B15,tSaida[Saída / Demanda]) -> 326.22093 | K15: {=_xlfn.STDEV.S(IF(tSaida[Produto]=Consolidação!B15,tSaida[Saída / Demanda]))} -> 397.00567 | L15: =K15/J15 -> 1.2169841 | M15: =$M$3 -> 3 | N15: =$N$3 -> 0.99 | O15: =NORMSINV(N15)*SQRT((K15^2)*M15+(J15^2)*(1^2)) -> 1770.5641 | P15: =J15*M15+O15 -> 2749.2269 | Q15: =IFERROR((J15+O15)*M15,"") -> 6290.3551
B16: 00671B | C16: PERFIL UE 100X40X17X2,00 | D16: 39689.51 | E16: =D16/$C$2 -> 0.015230276 | F16: =E16+F15 -> 0.66877823 | G16: =IF(F16<0.8,"A",IF(F16>=0.95,"C","B")) -> A | H16: =D16/12/22 -> 150.33905 | I16: =H16*22 -> 3307.4592 | J16: =AVERAGEIF(tSaida[Produto],B16,tSaida[Saída / Demanda]) -> 389.11284 | K16: {=_xlfn.STDEV.S(IF(tSaida[Produto]=Consolidação!B16,tSaida[Saída / Demanda]))} -> 455.65217 | L16: =K16/J16 -> 1.1710026 | M16: =$M$3 -> 3 | N16: =$N$3 -> 0.99 | O16: =NORMSINV(N16)*SQRT((K16^2)*M16+(J16^2)*(1^2)) -> 2047.0083 | P16: =J16*M16+O16 -> 3214.3469 | Q16: =IFERROR((J16+O16)*M16,"") -> 7308.3636
B17: 00651B | C17: PERFIL US 50X25X2,00 | D17: 37983.4 | E17: =D17/$C$2 -> 0.014575581 | F17: =E17+F16 -> 0.68335381 | G17: =IF(F17<0.8,"A",IF(F17>=0.95,"C","B")) -> A | H17: =D17/12/22 -> 143.87652 | I17: =H17*22 -> 3165.2833 | J17: =AVERAGEIF(tSaida[Produto],B17,tSaida[Saída / Demanda]) -> 163.72155 | K17: {=_xlfn.STDEV.S(IF(tSaida[Produto]=Consolidação!B17,tSaida[Saída / Demanda]))} -> 208.72555 | L17: =K17/J17 -> 1.2748813 | M17: =$M$3 -> 3 | N17: =$N$3 -> 0.99 | O17: =NORMSINV(N17)*SQRT((K17^2)*M17+(J17^2)*(1^2)) -> 923.25186 | P17: =J17*M17+O17 -> 1414.4165 | Q17: =IFERROR((J17+O17)*M17,"") -> 3260.9202
... B122: 00634 | C122: PERF UJ 35X20X3000MM GALV 1,55 | D122: 30 | E122: =D122/$C$2 -> 1.1512067e-05 | F122: =E122+F121 -> 1 | G122: =IF(F122<0.8,"A",IF(F122>=0.95,"C","B")) -> C | H122: =D122/12/22 -> 0.11363636 | I122: =H122*22 -> 2.5 | J122: =AVERAGEIF(tSaida[Produto],B122,tSaida[Saída / Demanda]) -> 30 | K122: {=_xlfn.STDEV.S(IF(tSaida[Produto]=Consolidação!B122,tSaida[Saída / Demanda]))} -> #DIV/0! | L122: =K122/J122 -> #DIV/0! | M122: =$M$3 -> 3 | N122: =$N$3 -> 0.99 | O122: =NORMSINV(N122)*SQRT((K122^2)*M122+(J122^2)*(1^2)) -> #DIV/0! | P122: =J122*M122+O122 -> #DIV/0! | Q122: =IFERROR((J122+O122)*M122,"")

Sheet Cálculo de Estoque
E5: Produto | F5: 00670B | G5: =INDEX(tSaida[Descrição],MATCH('Cálculo de Estoque'!F5,tSaida[Produto],0)) -> PERFIL UE 75X40X15X2,00
I6: pedido
B7: MÉDIA | C7: =AVERAGE(_Valores) -> 2005.6224 | E7: Data | F7: Saída | G7: Entrada | H7: Estoque | I7: Previsão | J7: Recebimento
B8: DESVIO PADRÃO | C8: =_xlfn.STDEV.S(_Valores) -> 1279.1272 | E8: 45659 | F8: 1749 | G8: =IFERROR(VLOOKUP(E8,$I$1:J7,2,0),0) -> 0 | H8: =C14 -> 0 | I8: =IF(H8<=$C$12,IF(COUNT(OFFSET(I7,,,-4))>0,"",E8+$C$9),"") -> 45662 | J8: =IF(ISNUMBER(I8),$C$13-(H8-SUM(F8:F12)),"") -> 32963.309
B9: LEAD TIME | C9: 3 | E9: 45660 | F9: 1574.1 | G9: =IFERROR(VLOOKUP(E9,$I$1:J8,2,0),0) -> 0 | H9: =H8+G9-F9 -> -1574.1 | I9: =IF(H9<=$C$12,IF(COUNT(OFFSET(I8,,,-4))>0,"",E9+$C$9),"") | J9: =IF(ISNUMBER(I9),$C$13-(H9-SUM(F9:F13)),"")
B10: NÍVEL DE SEGURANÇA | C10: 0.99 | E10: 45663 | F10: 969.9 | G10: =IFERROR(VLOOKUP(E10,$I$1:J9,2,0),0) -> 0 | H10: =H9+G10-F10 -> -2544 | I10: =IF(H10<=$C$12,IF(COUNT(OFFSET(I9,,,-4))>0,"",E10+$C$9),"") | J10: =IF(ISNUMBER(I10),$C$13-(H10-SUM(F10:F14)),"")
B11: ESTOQUE DE SEGURANÇA | C11: =NORMSINV(C10)*SQRT((C8^2)*C9+(C7^2)*(1^2)) -> 6952.2473 | E11: 45664 | F11: 1113 | G11: =IFERROR(VLOOKUP(E11,$I$1:J10,2,0),0) -> 0 | H11: =H10+G11-F11 -> -3657 | I11: =IF(H11<=$C$12,IF(COUNT(OFFSET(I10,,,-4))>0,"",E11+$C$9),"") | J11: =IF(ISNUMBER(I11),$C$13-(H11-SUM(F11:F15)),"")
B12: PONTO DE RESSUPRIMENTO | C12: =C7*C9+C11 -> 12969.115 | E12: 45665 | F12: 683.7 | G12: =IFERROR(VLOOKUP(E12,$I$1:J11,2,0),0) -> 0 | H12: =H11+G12-F12 -> -4340.7 | I12: =IF(H12<=$C$12,IF(COUNT(OFFSET(I11,,,-4))>0,"",E12+$C$9),"") | J12: =IF(ISNUMBER(I12),$C$13-(H12-SUM(F12:F16)),"")
B13: ESTOQUE MÁXIMO | C13: =(C7+C11)*C9 -> 26873.609 | E13: 45666 | F13: 2273.7 | G13: =IFERROR(VLOOKUP(E13,$I$1:J12,2,0),0) -> 0 | H13: =H12+G13-F13 -> -6614.4 | I13: =IF(H13<=$C$12,IF(COUNT(OFFSET(I12,,,-4))>0,"",E13+$C$9),"") -> 45669 | J13: =IF(ISNUMBER(I13),$C$13-(H13-SUM(F13:F17)),"") -> 43091.559
B14: ESTOQUE INICIAL | C14: 0 | E14: 45667 | F14: 1574.1 | G14: =IFERROR(VLOOKUP(E14,$I$1:J13,2,0),0) -> 0 | H14: =H13+G14-F14 -> -8188.5 | I14: =IF(H14<=$C$12,IF(COUNT(OFFSET(I13,,,-4))>0,"",E14+$C$9),"") | J14: =IF(ISNUMBER(I14),$C$13-(H14-SUM(F14:F18)),"")
E15: 45670 | F15: 1717.2 | G15: =IFERROR(VLOOKUP(E15,$I$1:J14,2,0),0) -> 0 | H15: =H14+G15-F15 -> -9905.7 | I15: =IF(H15<=$C$12,IF(COUNT(OFFSET(I14,,,-4))>0,"",E15+$C$9),"") | J15: =IF(ISNUMBER(I15),$C$13-(H15-SUM(F15:F19)),"")
E16: 45671 | F16: 2273.65 | G16: =IFERROR(VLOOKUP(E16,$I$1:J15,2,0),0) -> 0 | H16: =H15+G16-F16 -> -12179.35 | I16: =IF(H16<=$C$12,IF(COUNT(OFFSET(I15,,,-4))>0,"",E16+$C$9),"") | J16: =IF(ISNUMBER(I16),$C$13-(H16-SUM(F16:F20)),"")
E17: 45672 | F17: 1764.9 | G17: =IFERROR(VLOOKUP(E17,$I$1:J16,2,0),0) -> 0 | H17: =H16+G17-F17 -> -13944.25 | I17: =IF(H17<=$C$12,IF(COUNT(OFFSET(I16,,,-4))>0,"",E17+$C$9),"") | J17: =IF(ISNUMBER(I17),$C$13-(H17-SUM(F17:F21)),"")
E18: 45673 | F18: 4118.1 | G18: =IFERROR(VLOOKUP(E18,$I$1:J17,2,0),0) -> 0 | H18: =H17+G18-F18 -> -18062.35 | I18: =IF(H18<=$C$12,IF(COUNT(OFFSET(I17,,,-4))>0,"",E18+$C$9),"") -> 45676 | J18: =IF(ISNUMBER(I18),$C$13-(H18-SUM(F18:F22)),"") -> 55429.959
E19: 45674 | F19: 508.8 | G19: =IFERROR(VLOOKUP(E19,$I$1:J18,2,0),0) -> 0 | H19: =H18+G19-F19 -> -18571.15 | I19: =IF(H19<=$C$12,IF(COUNT(OFFSET(I18,,,-4))>0,"",E19+$C$9),"") | J19: =IF(ISNUMBER(I19),$C$13-(H19-SUM(F19:F23)),"")
E20: 45677 | F20: 1128.9 | G20: =IFERROR(VLOOKUP(E20,$I$1:J19,2,0),0) -> 0 | H20: =H19+G20-F20 -> -19700.05 | I20: =IF(H20<=$C$12,IF(COUNT(OFFSET(I19,,,-4))>0,"",E20+$C$9),"") | J20: =IF(ISNUMBER(I20),$C$13-(H20-SUM(F20:F24)),"")
E21: 45678 | F21: 2003.4 | G21: =IFERROR(VLOOKUP(E21,$I$1:J20,2,0),0) -> 0 | H21: =H20+G21-F21 -> -21703.45 | I21: =IF(H21<=$C$12,IF(COUNT(OFFSET(I20,,,-4))>0,"",E21+$C$9),"") | J21: =IF(ISNUMBER(I21),$C$13-(H21-SUM(F21:F25)),"")
E22: 45679 | F22: 2734.8 | G22: =IFERROR(VLOOKUP(E22,$I$1:J21,2,0),0) -> 0 | H22: =H21+G22-F22 -> -24438.25 | I22: =IF(H22<=$C$12,IF(COUNT(OFFSET(I21,,,-4))>0,"",E22+$C$9),"") | J22: =IF(ISNUMBER(I22),$C$13-(H22-SUM(F22:F26)),"")
E23: 45680 | F23: 1558.2 | G23: =IFERROR(VLOOKUP(E23,$I$1:J22,2,0),0) -> 0 | H23: =H22+G23-F23 -> -25996.45 | I23: =IF(H23<=$C$12,IF(COUNT(OFFSET(I22,,,-4))>0,"",E23+$C$9),"") -> 45683 | J23: =IF(ISNUMBER(I23),$C$13-(H23-SUM(F23:F27)),"") -> 71838.759
E24: 45681 | F24: 3545.7 | G24: =IFERROR(VLOOKUP(E24,$I$1:J23,2,0),0) -> 0 | H24: =H23+G24-F24 -> -29542.15 | I24: =IF(H24<=$C$12,IF(COUNT(OFFSET(I23,,,-4))>0,"",E24+$C$9),"") | J24: =IF(ISNUMBER(I24),$C$13-(H24-SUM(F24:F28)),"")
E25: 45684 | F25: 7282.2 | G25: =IFERROR(VLOOKUP(E25,$I$1:J24,2,0),0) -> 0 | H25: =H24+G25-F25 -> -36824.35 | I25: =IF(H25<=$C$12,IF(COUNT(OFFSET(I24,,,-4))>0,"",E25+$C$9),"") | J25: =IF(ISNUMBER(I25),$C$13-(H25-SUM(F25:F29)),"")
E26: 45685 | F26: 3100.5 | G26: =IFERROR(VLOOKUP(E26,$I$1:J25,2,0),0) -> 0 | H26: =H25+G26-F26 -> -39924.85 | I26: =IF(H26<=$C$12,IF(COUNT(OFFSET(I25,,,-4))>0,"",E26+$C$9),"") | J26: =IF(ISNUMBER(I26),$C$13-(H26-SUM(F26:F30)),"")
... E119: 45821 | F119: 1955.7 | G119: =IFERROR(VLOOKUP(E119,$I$1:J118,2,0),0) -> 0 | H119: =H118+G119-F119 -> -33482.791 | I119: =IF(H119<=$C$12,IF(COUNT(OFFSET(I118,,,-4))>0,"",E119+$C$9),"") | J119: =IF(ISNUMBER(I119),$C$13-(H119-SUM(F119:F123)),"")
E120: 45824 | F120: 1319.7
E121: 45825 | F121: 1908
E122: 45826 | F122: 5644.5
E123: 45828 | F123: 1335.6
E124: 45831 | F124: 906.3
E125: 45832 | F125: 1431
E126: 45833 | F126: 1605.9
E127: 45834 | F127: 1462.8
E128: 45838 | F128: 874.5
E129: 45839 | F129: 3736.5
E130: 45840 | F130: 1065.3
E131: 45841 | F131: 1828.5
... E253: 46014 | F253: 1558.2

Sheet Configurações
B5: Nível de Serviço | C5: Fator de Serviço
B6: 0.5 | C6: 0
B7: 0.6 | C7: 0.254
B8: 0.7 | C8: 0.525
B9: 0.8 | C9: 0.842
B10: 0.85 | C10: 1.037
B11: 0.9 | C11: 1.282
B12: 0.95 | C12: 1.645
B13: 0.96 | C13: 1.751
B14: 0.97 | C14: 1.88
B15: 0.98 | C15: 2.055
B16: 0.99 | C16: 2.325
B17: 0.999 | C17: 3.1
B18: 0.9999 | C18: 3.62
